word;frequency
token;10
model;10
financial;8
finance;8
price;7
finding;7
based;6
protocol;6
framework;6
system;6
learning;5
DeFi;5
addresses;5
major;5
research;5
access;5
method;5
hallucination;5
issue;5
tier;5
using;4
paper;4
sample;4
lower;4
sustainable;4
study;4
UN;4
agent;4
provide;4
LLM;4
minor player;4
food security;4
empirical;3
examine;3
high;3
bound;3
data;3
well;3
across;3
holding;3
firms;3
field;3
game;3
derived;3
approach;3
food;3
agricultural;3
state;3
link;3
need;3
function;3
household;3
nutritional;3
cost;3
show;3
claims;3
smallholder farmers;3
large;2
theoretical;2
achieve;2
success;2
dimensional;2
First;2
within;2
Random;2
Features;2
kernel;2
shift;2
Second;2
identify;2
quantitative;2
e;2
g;2
square;2
size;2
mechanism;2
voting;2
analysed;2
shared;2
SVN;2
among;2
influential;2
shape;2
predominantly;2
institutional;2
Finally;2
market;2
consider;2
stock;2
regulator;2
green;2
mean;2
stochastic;2
maximum;2
principle;2
Applied;2
Probability;2
representative;2
problem;2
derive;2
Nash;2
introduces;2
cooperative;2
theory;2
funding;2
contributions;2
member;2
proposed;2
utility;2
simulations;2
global;2
creates;2
resource;2
assess;2
improving;2
production;2
Despite;2
continue;2
lack;2
reasonable;2
sufficient;2
ability;2
relationship;2
Structural;2
demonstrate;2
especially;2
LLMs';2
behaviors;2
tasks;2
capacity;2
que;2
la;2
income;2
diet;2
changes;2
health;2
base;2
ensure;2
adequacy;2
combine;2
Good;2
yet;2
hierarchy;2
assets;2
lending;2
yields;2
rates;2
pp;2
per;2
𝑝;2
demand;2
risk;2
Recent;1
advances;1
machine;1
shown;1
promising;1
results;1
prediction;1
parameterized;1
foundations;1
validation;1
understanding;1
predictive;1
two;1
key;1
aspects;1
prove;1
standardization;1
Fourier;1
implementations;1
fundamentally;1
alters;1
underlying;1
Gaussian;1
approximation;1
replacing;1
invariant;1
training;1
set;1
dependent;1
alternatives;1
establish;1
information;1
theoretic;1
reliable;1
impossible;1
matter;1
sophisticated;1
estimator;1
detailed;1
calibration;1
polynomial;1
typical;1
parameter;1
choices;1
monthly;1
observations;1
R;1
required;1
escape;1
exceeds;1
years;1
beyond;1
rollingwindow;1
actually;1
used;1
Thus;1
observed;1
must;1
originate;1
complexity;1
artefacts;1
rather;1
intended;1
Blockchain;1
frequently;1
governed;1
grant;1
holders;1
rights;1
core;1
funds;1
centralisation;1
occurring;1
Decentralised;1
protocols';1
typically;1
examining;1
holdings';1
distribution;1
expand;1
perspective;1
exploring;1
multiple;1
construct;1
Statistically;1
Validated;1
Network;1
governance;1
connections;1
conduct;1
post;1
hoc;1
analysis;1
characteristics;1
behaviour;1
reveal;1
persistent;1
time;1
involving;1
associated;1
investors;1
maintain;1
significant;1
supplies;1
sampled;1
observe;1
patterns;1
concentrations;1
tend;1
response;1
speculative;1
cycles;1
continuum;1
carbon;1
emitting;1
seek;1
maximise;1
Government;1
wishes;1
economy;1
flourish;1
whilst;1
simultaneously;1
punishing;1
behave;1
non;1
Interpreting;1
player;1
setting;1
extend;1
Carmona;1
Zhu;1
probabilistic;1
Annals;1
relaxing;1
assumptions;1
forms;1
minimisers;1
Hamiltonians;1
allowing;1
depend;1
arguments;1
allows;1
interact;1
natural;1
fashion;1
thereby;1
permitting;1
us;1
realistic;1
explicit;1
equilibria;1
number;1
examples;1
novel;1
designed;1
improve;1
United;1
Nations';1
current;1
rely;1
voluntary;1
shifting;1
equilibrium;1
act;1
self;1
interest;1
aligns;1
country;1
benefits;1
activities;1
equitable;1
introducing;1
personalized;1
pricing;1
suggested;1
increases;1
reduces;1
free;1
rider;1
efficient;1
allocation;1
suggest;1
optimize;1
ensuring;1
stable;1
effective;1
public;1
provision;1
considering;1
varying;1
economic;1
capacities;1
recommended;1
political;1
viability;1
vital;1
particularly;1
developing;1
nations;1
crucial;1
several;1
interventions;1
targeted;1
increasing;1
farmers;1
timely;1
financing;1
limiting;1
invest;1
improved;1
technology;1
inputs;1
lowering;1
productivity;1
supply;1
Ogun;1
employing;1
takes;1
survey;1
design;1
population;1
chosen;1
sampling;1
simple;1
techniques;1
via;1
Partial;1
Least;1
Equation;1
Modelling;1
PLS;1
SEM;1
favourable;1
R2;1
value;1
indicating;1
robust;1
underline;1
institutions;1
implementing;1
enabling;1
policies;1
enable;1
outcomes;1
recognized;1
fundamental;1
deficiency;1
language;1
education;1
law;1
growing;1
concerns;1
investigation;1
examination;1
empirically;1
investigate;1
explaining;1
concepts;1
terminologies;1
models';1
querying;1
historical;1
Third;1
alleviate;1
evaluate;1
efficacy;1
four;1
practical;1
including;1
shot;1
Decoding;1
Contrasting;1
Layers;1
DoLa;1
Retrieval;1
Augmentation;1
Generation;1
RAG;1
prompt;1
tool;1
generate;1
query;1
command;1
shelf;1
experience;1
serious;1
Therefore;1
urgent;1
call;1
efforts;1
mitigating;1
Haoqiang;1
Kang;1
completed;1
work;1
assistant;1
Columbia;1
University;1
release;1
code;1
https;1
github;1
com;1
Perdre;1
bonheur;1
rêvé;1
renoncer;1
à;1
tout;1
avenir;1
est;1
une;1
souffrance;1
plus;1
aiguë;1
celle;1
causée;1
par;1
ruine;1
d'une;1
félicité;1
ressentie;1
quelque;1
complète;1
qu'elle;1
ait;1
été;1
l'espérance;1
n'est;1
elle;1
pas;1
meilleure;1
le;1
souvenir;1
Bourse;1
Honoré;1
de;1
Balzac;1
limited;1
budgets;1
challenge;1
middle;1
environment;1
fluctuate;1
aware;1
agentic;1
AI;1
personal;1
management;1
optimization;1
fixed;1
expenditures;1
medical;1
status;1
realtime;1
nutritionally;1
meals;1
plans;1
comparatively;1
automatically;1
adjust;1
implemented;1
modular;1
multi;1
architecture;1
specific;1
budgeting;1
nutrition;1
monitoring;1
personalization;1
share;1
knowledge;1
use;1
substitution;1
graph;1
quality;1
maintained;1
minimum;1
Saudi;1
case;1
steady;1
reduction;1
relative;1
static;1
weekly;1
menu;1
nutrient;1
performance;1
indicate;1
locally;1
affordability;1
viable;1
avenue;1
building;1
towards;1
fair;1
planning;1
line;1
Development;1
Goals;1
Zero;1
Hunger;1
stack;1
derivative;1
atop;1
one;1
another;1
resulting;1
structure;1
remains;1
unmapped;1
Applying;1
Money;1
View;1
layered;1
credit;1
mirrors;1
conventional;1
banking;1
accepts;1
new;1
creating;1
increas;1
ingly;1
late;1
dollar;1
supported;1
total;1
staking;1
driving;1
layering;1
Position;1
Reported;1
rise;1
depth;1
pay;1
higher;1
concentrate;1
deeper;1
correcting;1
composition;1
effect;1
fall;1
derivation;1
step;1
hop;1
reflecting;1
borrowing;1
nested;1
premium;1
widens;1
crises;1
consistent;1
repricing;1
upstream;1
dependency;1
reframe;1
double;1
counting;1
question;1
macroprudential;1
metric;1
tracking;1
systemwide;1
leverage;1
